{"model_type": "RandomForest", "n_estimators": 100, "random_state": 42, "feature_importances": {"median_hr": 0.1411407740835216, "mean_hr": 0.1468122763372613, "std_hr": 0.30330130436949326, "min_hr": 0.16708763793468623, "max_hr": 0.15920938867011533, "age": 0.08244861860492232}}