,Other,Healthy,Arrhythmia
Other,,0.443920001756541,-0.6055310750485644
Healthy,-0.443920001756541,,-1.083188247518307
Arrhythmia,0.6055310750485644,1.083188247518307,
