,Arrhythmia,Healthy,Other
Arrhythmia,1.0,4.5069995155951886e-42,5.698810526203678e-19
Healthy,4.5069995155951886e-42,1.0,3.0826493476078836e-20
Other,5.698810526203678e-19,3.0826493476078836e-20,1.0
