,Other,Healthy,Arrhythmia
Other,,0.3784949211711238,-0.13281732031816498
Healthy,-0.3784949211711238,,-0.5629628378107187
Arrhythmia,0.13281732031816498,0.5629628378107187,
