,Arrhythmia,Healthy,Other
Arrhythmia,1.0,0.17279667206228005,0.01086712797694145
Healthy,0.17279667206228005,1.0,0.17279667206228005
Other,0.01086712797694145,0.17279667206228005,1.0
