,Arrhythmia,Healthy,Other
Arrhythmia,1.0,0.007065599391429134,0.20390890233521686
Healthy,0.007065599391429134,1.0,8.453953672414432e-10
Other,0.20390890233521686,8.453953672414432e-10,1.0
