,Other,Healthy,Arrhythmia
Other,,0.11973150031040572,-0.005901238467127539
Healthy,-0.11973150031040572,,-0.1357297355221879
Arrhythmia,0.005901238467127539,0.1357297355221879,
