,Other,Healthy,Arrhythmia
Other,,0.09958699796301877,0.0333165978364179
Healthy,-0.09958699796301877,,-0.0603681509514143
Arrhythmia,-0.0333165978364179,0.0603681509514143,
