,Arrhythmia,Healthy,Other
Arrhythmia,1.0,2.02282234258415e-05,0.9592093246839161
Healthy,2.02282234258415e-05,1.0,7.9418806698118e-12
Other,0.9592093246839161,7.9418806698118e-12,1.0
