,Arrhythmia,Healthy,Other
Arrhythmia,1.0,2.7035625876598214e-19,0.9080587297271443
Healthy,2.7035625876598214e-19,1.0,2.6059659555919064e-46
Other,0.9080587297271443,2.6059659555919064e-46,1.0
