,Other,Healthy,Arrhythmia
Other,,-0.27779986203369583,0.024821395329384228
Healthy,0.27779986203369583,,0.32466793336007277
Arrhythmia,-0.024821395329384228,-0.32466793336007277,
