,Other,Healthy,Arrhythmia
Other,,0.6937701042868676,-0.16225860022407437
Healthy,-0.6937701042868676,,-0.929956321358629
Arrhythmia,0.16225860022407437,0.929956321358629,
