,Arrhythmia,Healthy,Other
Arrhythmia,1.0,1.254986577351292e-10,0.00749523524450697
Healthy,1.254986577351292e-10,1.0,1.1607565087478599e-10
Other,0.00749523524450697,1.1607565087478599e-10,1.0
